code,name,market,ex,primary_root_cause,recovery,live_as_of_classification,all_saved_pre_responses_missing_nested_trade_and_v_zero,MIS_returned,successful_pre_observations,fresh_pre_observations,stale_pre_observations,pre_A_B_C_missing_trade,trade_t_present,trade_z_present,pre_1325_valid_identity_count,pre_identity_contradiction,parser_false_rejection,deadline_affected_secondary,deadline_primary_cause,successful_targeted_retries,failed_HTTP_attempts,P_before,P_before_converged,P_close,P_close_convergence_type,first_saved_regular_trade_time,official_daily_shares,official_daily_amount,official_daily_trade_count,official_close,official_row,official_usage,special_status,raw_io_values,raw_io_interpretation,research_calculable,validated,alternative_source_status,limitations,capture_run_id,capture_artifact_id,capture_artifact,capture_archive_sha256,trade_date,as_of,diagnostic_version,code_commit_sha,code_sha_semantics,diagnostic_script_sha256,capture_commit_sha,official_validation_run_id,official_checked_at,analyzed_at
1583,程泰,TWSE,tse,NO_OBSERVED_PRE_TRADE_FIRST_SAVED_TRADE_AT_CLOSE,無法安全恢復,NO_OBSERVED_PRE_TRADE / UNKNOWN,True,True,5,4,1,True,False,False,0,False,False,True,False,2,1,null,False,47.3000,AB_converged,13:30:00,2042,96576,6,47.30,"{""證券代號"": ""1583"", ""證券名稱"": ""程泰"", ""成交股數"": ""2,042"", ""成交筆數"": ""6"", ""成交金額"": ""96,576"", ""開盤價"": ""47.30"", ""最高價"": ""47.30"", ""最低價"": ""47.30"", ""收盤價"": ""47.30"", ""漲跌(+/-)"": ""<p> </p>"", ""漲跌價差"": ""0.00"", ""最後揭示買價"": ""46.80"", ""最後揭示買量"": ""1"", ""最後揭示賣價"": ""47.30"", ""最後揭示賣量"": ""5"", ""本益比"": ""10.80""}",POSTMARKET_DIAGNOSTIC_ONLY_NOT_LIVE_INPUT,{},[],UNVERIFIED; do not infer halt or RR semantics,False,False,FUTURE_LIVE_TEST_REQUIRED; no timestamped pre-13:25 alternative saved,"Positive daily volume does not locate trades before 13:25. Odd-lot explanation is consistent, not individually proven; do not substitute odd-lot for regular-session baseline.",37730234383,11530906396,mis-probe-37730234383,1b4caf9efcbb0575771726b356751f177bba37439179cb14bfc9b8a9bc9a88e0,2026-10-08,2026-10-08T13:35:00+08:00,UNCALCULABLE_EVIDENCE_V1,d8fcacd07b965f537a310485ddfbdfef96f5df25,live/replay implementation base; diagnostic file hash identifies this uncommitted report generator,be28204cf9fc4a1a9edb20ce07b6838c503e385bafa0237a6a1b04ee9857f28a,2dd62b249a181d7045c957f0c33501cc574723cd,37742790398,2026-10-08T15:20:18.859+08:00,2026-10-08T17:27:03.597+08:00
4581,光隆精密-KY,TWSE,tse,DAILY_ACTIVITY_WITHOUT_REGULAR_SESSION_TRADE_EVIDENCE,資料來源限制,NO_OBSERVED_PRE_TRADE / UNKNOWN,True,True,5,4,1,True,False,False,0,False,False,True,False,2,1,null,False,null,unresolved,MISSING,300,14639,2,MISSING,"{""證券代號"": ""4581"", ""證券名稱"": ""光隆精密-KY"", ""成交股數"": ""300"", ""成交筆數"": ""2"", ""成交金額"": ""14,639"", ""開盤價"": ""--"", ""最高價"": ""--"", ""最低價"": ""--"", ""收盤價"": ""--"", ""漲跌(+/-)"": ""<p> </p>"", ""漲跌價差"": ""0.00"", ""最後揭示買價"": ""47.60"", ""最後揭示買量"": ""1"", ""最後揭示賣價"": ""48.05"", ""最後揭示賣量"": ""1"", ""本益比"": ""11.81""}",POSTMARKET_DIAGNOSTIC_ONLY_NOT_LIVE_INPUT,{},"[""RR""]",UNVERIFIED; do not infer halt or RR semantics,False,False,FUTURE_LIVE_TEST_REQUIRED; no timestamped pre-13:25 alternative saved,"Positive daily volume does not locate trades before 13:25. Odd-lot explanation is consistent, not individually proven; do not substitute odd-lot for regular-session baseline.",37730234383,11530906396,mis-probe-37730234383,1b4caf9efcbb0575771726b356751f177bba37439179cb14bfc9b8a9bc9a88e0,2026-10-08,2026-10-08T13:35:00+08:00,UNCALCULABLE_EVIDENCE_V1,d8fcacd07b965f537a310485ddfbdfef96f5df25,live/replay implementation base; diagnostic file hash identifies this uncommitted report generator,be28204cf9fc4a1a9edb20ce07b6838c503e385bafa0237a6a1b04ee9857f28a,2dd62b249a181d7045c957f0c33501cc574723cd,37742790398,2026-10-08T15:20:18.859+08:00,2026-10-08T17:27:03.597+08:00
5906,台南-KY,TWSE,tse,OFFICIAL_ZERO_DAILY_ACTIVITY_NO_PRE_TRADE,無法安全恢復,NO_OBSERVED_PRE_TRADE / UNKNOWN,True,True,5,4,1,True,False,False,0,False,False,True,False,2,1,null,False,null,unresolved,MISSING,0,0,0,MISSING,"{""證券代號"": ""5906"", ""證券名稱"": ""台南-KY"", ""成交股數"": ""0"", ""成交筆數"": ""0"", ""成交金額"": ""0"", ""開盤價"": ""--"", ""最高價"": ""--"", ""最低價"": ""--"", ""收盤價"": ""--"", ""漲跌(+/-)"": ""<p> </p>"", ""漲跌價差"": ""0.00"", ""最後揭示買價"": ""37.00"", ""最後揭示買量"": ""2"", ""最後揭示賣價"": ""40.20"", ""最後揭示賣量"": ""1"", ""本益比"": ""760.00""}",POSTMARKET_DIAGNOSTIC_ONLY_NOT_LIVE_INPUT,{},"[""RR""]",UNVERIFIED; do not infer halt or RR semantics,False,False,FUTURE_LIVE_TEST_REQUIRED; no timestamped pre-13:25 alternative saved,"Positive daily volume does not locate trades before 13:25. Odd-lot explanation is consistent, not individually proven; do not substitute odd-lot for regular-session baseline.",37730234383,11530906396,mis-probe-37730234383,1b4caf9efcbb0575771726b356751f177bba37439179cb14bfc9b8a9bc9a88e0,2026-10-08,2026-10-08T13:35:00+08:00,UNCALCULABLE_EVIDENCE_V1,d8fcacd07b965f537a310485ddfbdfef96f5df25,live/replay implementation base; diagnostic file hash identifies this uncommitted report generator,be28204cf9fc4a1a9edb20ce07b6838c503e385bafa0237a6a1b04ee9857f28a,2dd62b249a181d7045c957f0c33501cc574723cd,37742790398,2026-10-08T15:20:18.859+08:00,2026-10-08T17:27:03.597+08:00
8488,吉源-KY,TWSE,tse,OFFICIAL_ZERO_DAILY_ACTIVITY_NO_PRE_TRADE,無法安全恢復,NO_OBSERVED_PRE_TRADE / UNKNOWN,True,True,5,4,1,True,False,False,0,False,False,True,False,2,1,null,False,null,unresolved,MISSING,0,0,0,MISSING,"{""證券代號"": ""8488"", ""證券名稱"": ""吉源-KY"", ""成交股數"": ""0"", ""成交筆數"": ""0"", ""成交金額"": ""0"", ""開盤價"": ""--"", ""最高價"": ""--"", ""最低價"": ""--"", ""收盤價"": ""--"", ""漲跌(+/-)"": ""<p> </p>"", ""漲跌價差"": ""0.00"", ""最後揭示買價"": ""9.75"", ""最後揭示買量"": ""1"", ""最後揭示賣價"": ""9.79"", ""最後揭示賣量"": ""4"", ""本益比"": ""0.00""}",POSTMARKET_DIAGNOSTIC_ONLY_NOT_LIVE_INPUT,{},"[""RR""]",UNVERIFIED; do not infer halt or RR semantics,False,False,FUTURE_LIVE_TEST_REQUIRED; no timestamped pre-13:25 alternative saved,"Positive daily volume does not locate trades before 13:25. Odd-lot explanation is consistent, not individually proven; do not substitute odd-lot for regular-session baseline.",37730234383,11530906396,mis-probe-37730234383,1b4caf9efcbb0575771726b356751f177bba37439179cb14bfc9b8a9bc9a88e0,2026-10-08,2026-10-08T13:35:00+08:00,UNCALCULABLE_EVIDENCE_V1,d8fcacd07b965f537a310485ddfbdfef96f5df25,live/replay implementation base; diagnostic file hash identifies this uncommitted report generator,be28204cf9fc4a1a9edb20ce07b6838c503e385bafa0237a6a1b04ee9857f28a,2dd62b249a181d7045c957f0c33501cc574723cd,37742790398,2026-10-08T15:20:18.859+08:00,2026-10-08T17:27:03.597+08:00
9937,全國,TWSE,tse,NO_OBSERVED_PRE_TRADE_FIRST_SAVED_TRADE_AT_CLOSE,無法安全恢復,NO_OBSERVED_PRE_TRADE / UNKNOWN,True,True,5,4,1,True,False,False,0,False,False,True,False,2,1,null,False,55.2000,AB_converged,13:30:00,2121,117126,6,55.20,"{""證券代號"": ""9937"", ""證券名稱"": ""全國"", ""成交股數"": ""2,121"", ""成交筆數"": ""6"", ""成交金額"": ""117,126"", ""開盤價"": ""55.20"", ""最高價"": ""55.20"", ""最低價"": ""55.20"", ""收盤價"": ""55.20"", ""漲跌(+/-)"": ""<p style= color:red>+</p>"", ""漲跌價差"": ""0.70"", ""最後揭示買價"": ""55.00"", ""最後揭示買量"": ""1"", ""最後揭示賣價"": ""55.30"", ""最後揭示賣量"": ""2"", ""本益比"": ""21.48""}",POSTMARKET_DIAGNOSTIC_ONLY_NOT_LIVE_INPUT,{},[],UNVERIFIED; do not infer halt or RR semantics,False,False,FUTURE_LIVE_TEST_REQUIRED; no timestamped pre-13:25 alternative saved,"Positive daily volume does not locate trades before 13:25. Odd-lot explanation is consistent, not individually proven; do not substitute odd-lot for regular-session baseline.",37730234383,11530906396,mis-probe-37730234383,1b4caf9efcbb0575771726b356751f177bba37439179cb14bfc9b8a9bc9a88e0,2026-10-08,2026-10-08T13:35:00+08:00,UNCALCULABLE_EVIDENCE_V1,d8fcacd07b965f537a310485ddfbdfef96f5df25,live/replay implementation base; diagnostic file hash identifies this uncommitted report generator,be28204cf9fc4a1a9edb20ce07b6838c503e385bafa0237a6a1b04ee9857f28a,2dd62b249a181d7045c957f0c33501cc574723cd,37742790398,2026-10-08T15:20:18.859+08:00,2026-10-08T17:27:03.597+08:00
2073,雄順,TPEx,otc,DAILY_ACTIVITY_WITHOUT_REGULAR_SESSION_TRADE_EVIDENCE,資料來源限制,NO_OBSERVED_PRE_TRADE / UNKNOWN,True,True,5,4,1,True,False,False,0,False,False,True,False,2,1,null,False,null,unresolved,MISSING,291,7449,2,MISSING,"{""代號"": ""2073"", ""名稱"": ""雄順"", ""收盤"": "" ---"", ""漲跌"": ""--- "", ""開盤"": ""---"", ""最高"": ""---"", ""最低"": ""---"", ""均價"": ""25.60"", ""成交股數"": ""291"", ""成交金額(元)"": ""7,449"", ""成交筆數"": ""2"", ""最後買價"": ""25.15"", ""最後買量(張數)"": ""1"", ""最後賣價"": ""25.60"", ""最後賣量(張數)"": ""1"", ""發行股數"": ""27,500,000"", ""次日 參考價"": ""25.60"", ""次日 漲停價"": ""28.15"", ""次日 跌停價"": ""23.05""}",POSTMARKET_DIAGNOSTIC_ONLY_NOT_LIVE_INPUT,{},[],UNVERIFIED; do not infer halt or RR semantics,False,False,FUTURE_LIVE_TEST_REQUIRED; no timestamped pre-13:25 alternative saved,"Positive daily volume does not locate trades before 13:25. Odd-lot explanation is consistent, not individually proven; do not substitute odd-lot for regular-session baseline.",37730234383,11530906396,mis-probe-37730234383,1b4caf9efcbb0575771726b356751f177bba37439179cb14bfc9b8a9bc9a88e0,2026-10-08,2026-10-08T13:35:00+08:00,UNCALCULABLE_EVIDENCE_V1,d8fcacd07b965f537a310485ddfbdfef96f5df25,live/replay implementation base; diagnostic file hash identifies this uncommitted report generator,be28204cf9fc4a1a9edb20ce07b6838c503e385bafa0237a6a1b04ee9857f28a,2dd62b249a181d7045c957f0c33501cc574723cd,37742790398,2026-10-08T15:20:18.859+08:00,2026-10-08T17:27:03.597+08:00
2718,全心投控,TPEx,otc,DAILY_ACTIVITY_WITHOUT_REGULAR_SESSION_TRADE_EVIDENCE,資料來源限制,NO_OBSERVED_PRE_TRADE / UNKNOWN,True,True,5,4,1,True,False,False,0,False,False,True,False,2,1,null,False,null,unresolved,MISSING,608,23915,10,MISSING,"{""代號"": ""2718"", ""名稱"": ""全心投控"", ""收盤"": "" ---"", ""漲跌"": ""--- "", ""開盤"": ""---"", ""最高"": ""---"", ""最低"": ""---"", ""均價"": ""39.33"", ""成交股數"": ""608"", ""成交金額(元)"": ""23,915"", ""成交筆數"": ""10"", ""最後買價"": ""39.50"", ""最後買量(張數)"": ""1"", ""最後賣價"": ""39.65"", ""最後賣量(張數)"": ""1"", ""發行股數"": ""87,576,000"", ""次日 參考價"": ""39.65"", ""次日 漲停價"": ""43.60"", ""次日 跌停價"": ""35.70""}",POSTMARKET_DIAGNOSTIC_ONLY_NOT_LIVE_INPUT,{},[],UNVERIFIED; do not infer halt or RR semantics,False,False,FUTURE_LIVE_TEST_REQUIRED; no timestamped pre-13:25 alternative saved,"Positive daily volume does not locate trades before 13:25. Odd-lot explanation is consistent, not individually proven; do not substitute odd-lot for regular-session baseline.",37730234383,11530906396,mis-probe-37730234383,1b4caf9efcbb0575771726b356751f177bba37439179cb14bfc9b8a9bc9a88e0,2026-10-08,2026-10-08T13:35:00+08:00,UNCALCULABLE_EVIDENCE_V1,d8fcacd07b965f537a310485ddfbdfef96f5df25,live/replay implementation base; diagnostic file hash identifies this uncommitted report generator,be28204cf9fc4a1a9edb20ce07b6838c503e385bafa0237a6a1b04ee9857f28a,2dd62b249a181d7045c957f0c33501cc574723cd,37742790398,2026-10-08T15:20:18.859+08:00,2026-10-08T17:27:03.597+08:00
3332,幸康,TPEx,otc,OFFICIAL_ZERO_DAILY_ACTIVITY_NO_PRE_TRADE,無法安全恢復,NO_OBSERVED_PRE_TRADE / UNKNOWN,True,True,5,4,1,True,False,False,0,False,False,True,False,2,1,null,False,null,unresolved,MISSING,0,0,0,MISSING,"{""代號"": ""3332"", ""名稱"": ""幸康"", ""收盤"": "" ---"", ""漲跌"": ""--- "", ""開盤"": ""---"", ""最高"": ""---"", ""最低"": ""---"", ""均價"": ""64.31"", ""成交股數"": ""0"", ""成交金額(元)"": ""0"", ""成交筆數"": ""0"", ""最後買價"": ""63.60"", ""最後買量(張數)"": ""1"", ""最後賣價"": ""64.30"", ""最後賣量(張數)"": ""1"", ""發行股數"": ""48,104,246"", ""次日 參考價"": ""64.30"", ""次日 漲停價"": ""70.70"", ""次日 跌停價"": ""57.90""}",POSTMARKET_DIAGNOSTIC_ONLY_NOT_LIVE_INPUT,{},[],UNVERIFIED; do not infer halt or RR semantics,False,False,FUTURE_LIVE_TEST_REQUIRED; no timestamped pre-13:25 alternative saved,"Positive daily volume does not locate trades before 13:25. Odd-lot explanation is consistent, not individually proven; do not substitute odd-lot for regular-session baseline.",37730234383,11530906396,mis-probe-37730234383,1b4caf9efcbb0575771726b356751f177bba37439179cb14bfc9b8a9bc9a88e0,2026-10-08,2026-10-08T13:35:00+08:00,UNCALCULABLE_EVIDENCE_V1,d8fcacd07b965f537a310485ddfbdfef96f5df25,live/replay implementation base; diagnostic file hash identifies this uncommitted report generator,be28204cf9fc4a1a9edb20ce07b6838c503e385bafa0237a6a1b04ee9857f28a,2dd62b249a181d7045c957f0c33501cc574723cd,37742790398,2026-10-08T15:20:18.859+08:00,2026-10-08T17:27:03.597+08:00
4183,福永生技,TPEx,otc,OFFICIAL_ZERO_DAILY_ACTIVITY_NO_PRE_TRADE,無法安全恢復,NO_OBSERVED_PRE_TRADE / UNKNOWN,True,True,5,4,1,True,False,False,0,False,False,True,False,2,1,null,False,null,unresolved,MISSING,0,0,0,MISSING,"{""代號"": ""4183"", ""名稱"": ""福永生技"", ""收盤"": "" ---"", ""漲跌"": ""--- "", ""開盤"": ""---"", ""最高"": ""---"", ""最低"": ""---"", ""均價"": ""14.78"", ""成交股數"": ""0"", ""成交金額(元)"": ""0"", ""成交筆數"": ""0"", ""最後買價"": ""13.90"", ""最後買量(張數)"": ""1"", ""最後賣價"": ""14.70"", ""最後賣量(張數)"": ""2"", ""發行股數"": ""23,800,000"", ""次日 參考價"": ""14.70"", ""次日 漲停價"": ""16.15"", ""次日 跌停價"": ""13.25""}",POSTMARKET_DIAGNOSTIC_ONLY_NOT_LIVE_INPUT,{},[],UNVERIFIED; do not infer halt or RR semantics,False,False,FUTURE_LIVE_TEST_REQUIRED; no timestamped pre-13:25 alternative saved,"Positive daily volume does not locate trades before 13:25. Odd-lot explanation is consistent, not individually proven; do not substitute odd-lot for regular-session baseline.",37730234383,11530906396,mis-probe-37730234383,1b4caf9efcbb0575771726b356751f177bba37439179cb14bfc9b8a9bc9a88e0,2026-10-08,2026-10-08T13:35:00+08:00,UNCALCULABLE_EVIDENCE_V1,d8fcacd07b965f537a310485ddfbdfef96f5df25,live/replay implementation base; diagnostic file hash identifies this uncommitted report generator,be28204cf9fc4a1a9edb20ce07b6838c503e385bafa0237a6a1b04ee9857f28a,2dd62b249a181d7045c957f0c33501cc574723cd,37742790398,2026-10-08T15:20:18.859+08:00,2026-10-08T17:27:03.597+08:00
5276,達輝-KY,TPEx,otc,DAILY_ACTIVITY_WITHOUT_REGULAR_SESSION_TRADE_EVIDENCE,資料來源限制,NO_OBSERVED_PRE_TRADE / UNKNOWN,True,True,5,4,1,True,False,False,0,False,False,True,False,2,1,null,False,null,unresolved,MISSING,191,3342,2,MISSING,"{""代號"": ""5276"", ""名稱"": ""達輝-KY"", ""收盤"": "" ---"", ""漲跌"": ""--- "", ""開盤"": ""---"", ""最高"": ""---"", ""最低"": ""---"", ""均價"": ""17.50"", ""成交股數"": ""191"", ""成交金額(元)"": ""3,342"", ""成交筆數"": ""2"", ""最後買價"": ""17.35"", ""最後買量(張數)"": ""1"", ""最後賣價"": ""17.95"", ""最後賣量(張數)"": ""1"", ""發行股數"": ""39,500,000"", ""次日 參考價"": ""17.95"", ""次日 漲停價"": ""19.70"", ""次日 跌停價"": ""16.20""}",POSTMARKET_DIAGNOSTIC_ONLY_NOT_LIVE_INPUT,{},"[""RR""]",UNVERIFIED; do not infer halt or RR semantics,False,False,FUTURE_LIVE_TEST_REQUIRED; no timestamped pre-13:25 alternative saved,"Positive daily volume does not locate trades before 13:25. Odd-lot explanation is consistent, not individually proven; do not substitute odd-lot for regular-session baseline.",37730234383,11530906396,mis-probe-37730234383,1b4caf9efcbb0575771726b356751f177bba37439179cb14bfc9b8a9bc9a88e0,2026-10-08,2026-10-08T13:35:00+08:00,UNCALCULABLE_EVIDENCE_V1,d8fcacd07b965f537a310485ddfbdfef96f5df25,live/replay implementation base; diagnostic file hash identifies this uncommitted report generator,be28204cf9fc4a1a9edb20ce07b6838c503e385bafa0237a6a1b04ee9857f28a,2dd62b249a181d7045c957f0c33501cc574723cd,37742790398,2026-10-08T15:20:18.859+08:00,2026-10-08T17:27:03.597+08:00
5520,力泰,TPEx,otc,DAILY_ACTIVITY_WITHOUT_REGULAR_SESSION_TRADE_EVIDENCE,資料來源限制,NO_OBSERVED_PRE_TRADE / UNKNOWN,True,True,5,4,1,True,False,False,0,False,False,True,False,2,1,null,False,null,unresolved,MISSING,35,2961,2,MISSING,"{""代號"": ""5520"", ""名稱"": ""力泰"", ""收盤"": "" ---"", ""漲跌"": ""--- "", ""開盤"": ""---"", ""最高"": ""---"", ""最低"": ""---"", ""均價"": ""84.60"", ""成交股數"": ""35"", ""成交金額(元)"": ""2,961"", ""成交筆數"": ""2"", ""最後買價"": ""83.40"", ""最後買量(張數)"": ""1"", ""最後賣價"": ""84.50"", ""最後賣量(張數)"": ""1"", ""發行股數"": ""59,975,245"", ""次日 參考價"": ""84.50"", ""次日 漲停價"": ""92.90"", ""次日 跌停價"": ""76.10""}",POSTMARKET_DIAGNOSTIC_ONLY_NOT_LIVE_INPUT,{},[],UNVERIFIED; do not infer halt or RR semantics,False,False,FUTURE_LIVE_TEST_REQUIRED; no timestamped pre-13:25 alternative saved,"Positive daily volume does not locate trades before 13:25. Odd-lot explanation is consistent, not individually proven; do not substitute odd-lot for regular-session baseline.",37730234383,11530906396,mis-probe-37730234383,1b4caf9efcbb0575771726b356751f177bba37439179cb14bfc9b8a9bc9a88e0,2026-10-08,2026-10-08T13:35:00+08:00,UNCALCULABLE_EVIDENCE_V1,d8fcacd07b965f537a310485ddfbdfef96f5df25,live/replay implementation base; diagnostic file hash identifies this uncommitted report generator,be28204cf9fc4a1a9edb20ce07b6838c503e385bafa0237a6a1b04ee9857f28a,2dd62b249a181d7045c957f0c33501cc574723cd,37742790398,2026-10-08T15:20:18.859+08:00,2026-10-08T17:27:03.597+08:00
5703,亞都麗緻,TPEx,otc,DAILY_ACTIVITY_WITHOUT_REGULAR_SESSION_TRADE_EVIDENCE,資料來源限制,NO_OBSERVED_PRE_TRADE / UNKNOWN,True,True,5,4,1,True,False,False,0,False,False,True,False,2,1,null,False,null,unresolved,MISSING,122,1641,3,MISSING,"{""代號"": ""5703"", ""名稱"": ""亞都"", ""收盤"": "" ---"", ""漲跌"": ""--- "", ""開盤"": ""---"", ""最高"": ""---"", ""最低"": ""---"", ""均價"": ""13.45"", ""成交股數"": ""122"", ""成交金額(元)"": ""1,641"", ""成交筆數"": ""3"", ""最後買價"": ""13.45"", ""最後買量(張數)"": ""2"", ""最後賣價"": ""13.80"", ""最後賣量(張數)"": ""1"", ""發行股數"": ""70,239,594"", ""次日 參考價"": ""13.80"", ""次日 漲停價"": ""15.15"", ""次日 跌停價"": ""12.45""}",POSTMARKET_DIAGNOSTIC_ONLY_NOT_LIVE_INPUT,{},[],UNVERIFIED; do not infer halt or RR semantics,False,False,FUTURE_LIVE_TEST_REQUIRED; no timestamped pre-13:25 alternative saved,"Positive daily volume does not locate trades before 13:25. Odd-lot explanation is consistent, not individually proven; do not substitute odd-lot for regular-session baseline.",37730234383,11530906396,mis-probe-37730234383,1b4caf9efcbb0575771726b356751f177bba37439179cb14bfc9b8a9bc9a88e0,2026-10-08,2026-10-08T13:35:00+08:00,UNCALCULABLE_EVIDENCE_V1,d8fcacd07b965f537a310485ddfbdfef96f5df25,live/replay implementation base; diagnostic file hash identifies this uncommitted report generator,be28204cf9fc4a1a9edb20ce07b6838c503e385bafa0237a6a1b04ee9857f28a,2dd62b249a181d7045c957f0c33501cc574723cd,37742790398,2026-10-08T15:20:18.859+08:00,2026-10-08T17:27:03.597+08:00
6198,瑞築,TPEx,otc,DAILY_ACTIVITY_WITHOUT_REGULAR_SESSION_TRADE_EVIDENCE,資料來源限制,NO_OBSERVED_PRE_TRADE / UNKNOWN,True,True,5,4,1,True,False,False,0,False,False,True,False,2,1,null,False,null,unresolved,MISSING,2,38,2,MISSING,"{""代號"": ""6198"", ""名稱"": ""瑞築"", ""收盤"": "" ---"", ""漲跌"": ""--- "", ""開盤"": ""---"", ""最高"": ""---"", ""最低"": ""---"", ""均價"": ""19.00"", ""成交股數"": ""2"", ""成交金額(元)"": ""38"", ""成交筆數"": ""2"", ""最後買價"": ""19.50"", ""最後買量(張數)"": ""5"", ""最後賣價"": ""19.90"", ""最後賣量(張數)"": ""1"", ""發行股數"": ""171,400,350"", ""次日 參考價"": ""19.70"", ""次日 漲停價"": ""21.65"", ""次日 跌停價"": ""17.75""}",POSTMARKET_DIAGNOSTIC_ONLY_NOT_LIVE_INPUT,{},[],UNVERIFIED; do not infer halt or RR semantics,False,False,FUTURE_LIVE_TEST_REQUIRED; no timestamped pre-13:25 alternative saved,"Positive daily volume does not locate trades before 13:25. Odd-lot explanation is consistent, not individually proven; do not substitute odd-lot for regular-session baseline.",37730234383,11530906396,mis-probe-37730234383,1b4caf9efcbb0575771726b356751f177bba37439179cb14bfc9b8a9bc9a88e0,2026-10-08,2026-10-08T13:35:00+08:00,UNCALCULABLE_EVIDENCE_V1,d8fcacd07b965f537a310485ddfbdfef96f5df25,live/replay implementation base; diagnostic file hash identifies this uncommitted report generator,be28204cf9fc4a1a9edb20ce07b6838c503e385bafa0237a6a1b04ee9857f28a,2dd62b249a181d7045c957f0c33501cc574723cd,37742790398,2026-10-08T15:20:18.859+08:00,2026-10-08T17:27:03.597+08:00
6212,理銘,TPEx,otc,OFFICIAL_ZERO_DAILY_ACTIVITY_NO_PRE_TRADE,無法安全恢復,NO_OBSERVED_PRE_TRADE / UNKNOWN,True,True,5,4,1,True,False,False,0,False,False,True,False,2,1,null,False,null,unresolved,MISSING,0,0,0,MISSING,"{""代號"": ""6212"", ""名稱"": ""理銘"", ""收盤"": "" ---"", ""漲跌"": ""--- "", ""開盤"": ""---"", ""最高"": ""---"", ""最低"": ""---"", ""均價"": ""32.19"", ""成交股數"": ""0"", ""成交金額(元)"": ""0"", ""成交筆數"": ""0"", ""最後買價"": ""32.05"", ""最後買量(張數)"": ""1"", ""最後賣價"": ""32.90"", ""最後賣量(張數)"": ""1"", ""發行股數"": ""102,000,000"", ""次日 參考價"": ""32.20"", ""次日 漲停價"": ""35.40"", ""次日 跌停價"": ""29.00""}",POSTMARKET_DIAGNOSTIC_ONLY_NOT_LIVE_INPUT,{},[],UNVERIFIED; do not infer halt or RR semantics,False,False,FUTURE_LIVE_TEST_REQUIRED; no timestamped pre-13:25 alternative saved,"Positive daily volume does not locate trades before 13:25. Odd-lot explanation is consistent, not individually proven; do not substitute odd-lot for regular-session baseline.",37730234383,11530906396,mis-probe-37730234383,1b4caf9efcbb0575771726b356751f177bba37439179cb14bfc9b8a9bc9a88e0,2026-10-08,2026-10-08T13:35:00+08:00,UNCALCULABLE_EVIDENCE_V1,d8fcacd07b965f537a310485ddfbdfef96f5df25,live/replay implementation base; diagnostic file hash identifies this uncommitted report generator,be28204cf9fc4a1a9edb20ce07b6838c503e385bafa0237a6a1b04ee9857f28a,2dd62b249a181d7045c957f0c33501cc574723cd,37742790398,2026-10-08T15:20:18.859+08:00,2026-10-08T17:27:03.597+08:00
6236,中湛,TPEx,otc,OFFICIAL_ZERO_DAILY_ACTIVITY_NO_PRE_TRADE,無法安全恢復,NO_OBSERVED_PRE_TRADE / UNKNOWN,True,True,5,4,1,True,False,False,0,False,False,True,False,2,1,null,False,null,unresolved,MISSING,0,0,0,MISSING,"{""代號"": ""6236"", ""名稱"": ""中湛"", ""收盤"": "" ---"", ""漲跌"": ""--- "", ""開盤"": ""---"", ""最高"": ""---"", ""最低"": ""---"", ""均價"": ""17.51"", ""成交股數"": ""0"", ""成交金額(元)"": ""0"", ""成交筆數"": ""0"", ""最後買價"": ""15.15"", ""最後買量(張數)"": ""1"", ""最後賣價"": ""16.75"", ""最後賣量(張數)"": ""1"", ""發行股數"": ""41,654,039"", ""次日 參考價"": ""16.75"", ""次日 漲停價"": ""18.40"", ""次日 跌停價"": ""15.10""}",POSTMARKET_DIAGNOSTIC_ONLY_NOT_LIVE_INPUT,"{""ex"": ""otc"", ""code"": ""6236"", ""altered_trading"": ""Ｙ"", ""periodic_matching"": """", ""managed"": """", ""official_source"": ""https://www.tpex.org.tw/www/zh-tw/afterTrading/chtm?date=2026%2F10%2F08&response=json"", ""note"": ""These flags alone do not exclude a tradable security.""}",[],UNVERIFIED; do not infer halt or RR semantics,False,False,FUTURE_LIVE_TEST_REQUIRED; no timestamped pre-13:25 alternative saved,"Positive daily volume does not locate trades before 13:25. Odd-lot explanation is consistent, not individually proven; do not substitute odd-lot for regular-session baseline.",37730234383,11530906396,mis-probe-37730234383,1b4caf9efcbb0575771726b356751f177bba37439179cb14bfc9b8a9bc9a88e0,2026-10-08,2026-10-08T13:35:00+08:00,UNCALCULABLE_EVIDENCE_V1,d8fcacd07b965f537a310485ddfbdfef96f5df25,live/replay implementation base; diagnostic file hash identifies this uncommitted report generator,be28204cf9fc4a1a9edb20ce07b6838c503e385bafa0237a6a1b04ee9857f28a,2dd62b249a181d7045c957f0c33501cc574723cd,37742790398,2026-10-08T15:20:18.859+08:00,2026-10-08T17:27:03.597+08:00
6242,立康,TPEx,otc,DAILY_ACTIVITY_WITHOUT_REGULAR_SESSION_TRADE_EVIDENCE,資料來源限制,NO_OBSERVED_PRE_TRADE / UNKNOWN,True,True,5,4,1,True,False,False,0,False,False,True,False,2,1,null,False,null,unresolved,MISSING,50,1692,1,MISSING,"{""代號"": ""6242"", ""名稱"": ""立康"", ""收盤"": "" ---"", ""漲跌"": ""--- "", ""開盤"": ""---"", ""最高"": ""---"", ""最低"": ""---"", ""均價"": ""33.84"", ""成交股數"": ""50"", ""成交金額(元)"": ""1,692"", ""成交筆數"": ""1"", ""最後買價"": ""33.90"", ""最後買量(張數)"": ""1"", ""最後賣價"": ""34.00"", ""最後賣量(張數)"": ""1"", ""發行股數"": ""31,806,500"", ""次日 參考價"": ""33.90"", ""次日 漲停價"": ""37.25"", ""次日 跌停價"": ""30.55""}",POSTMARKET_DIAGNOSTIC_ONLY_NOT_LIVE_INPUT,{},[],UNVERIFIED; do not infer halt or RR semantics,False,False,FUTURE_LIVE_TEST_REQUIRED; no timestamped pre-13:25 alternative saved,"Positive daily volume does not locate trades before 13:25. Odd-lot explanation is consistent, not individually proven; do not substitute odd-lot for regular-session baseline.",37730234383,11530906396,mis-probe-37730234383,1b4caf9efcbb0575771726b356751f177bba37439179cb14bfc9b8a9bc9a88e0,2026-10-08,2026-10-08T13:35:00+08:00,UNCALCULABLE_EVIDENCE_V1,d8fcacd07b965f537a310485ddfbdfef96f5df25,live/replay implementation base; diagnostic file hash identifies this uncommitted report generator,be28204cf9fc4a1a9edb20ce07b6838c503e385bafa0237a6a1b04ee9857f28a,2dd62b249a181d7045c957f0c33501cc574723cd,37742790398,2026-10-08T15:20:18.859+08:00,2026-10-08T17:27:03.597+08:00
6661,威健生技,TPEx,otc,OFFICIAL_ZERO_DAILY_ACTIVITY_NO_PRE_TRADE,無法安全恢復,NO_OBSERVED_PRE_TRADE / UNKNOWN,True,True,5,4,1,True,False,False,0,False,False,True,False,2,1,null,False,null,unresolved,MISSING,0,0,0,MISSING,"{""代號"": ""6661"", ""名稱"": ""威健生技"", ""收盤"": "" ---"", ""漲跌"": ""--- "", ""開盤"": ""---"", ""最高"": ""---"", ""最低"": ""---"", ""均價"": ""17.20"", ""成交股數"": ""0"", ""成交金額(元)"": ""0"", ""成交筆數"": ""0"", ""最後買價"": ""16.50"", ""最後買量(張數)"": ""1"", ""最後賣價"": ""17.05"", ""最後賣量(張數)"": ""1"", ""發行股數"": ""23,304,248"", ""次日 參考價"": ""17.05"", ""次日 漲停價"": ""18.75"", ""次日 跌停價"": ""15.35""}",POSTMARKET_DIAGNOSTIC_ONLY_NOT_LIVE_INPUT,{},[],UNVERIFIED; do not infer halt or RR semantics,False,False,FUTURE_LIVE_TEST_REQUIRED; no timestamped pre-13:25 alternative saved,"Positive daily volume does not locate trades before 13:25. Odd-lot explanation is consistent, not individually proven; do not substitute odd-lot for regular-session baseline.",37730234383,11530906396,mis-probe-37730234383,1b4caf9efcbb0575771726b356751f177bba37439179cb14bfc9b8a9bc9a88e0,2026-10-08,2026-10-08T13:35:00+08:00,UNCALCULABLE_EVIDENCE_V1,d8fcacd07b965f537a310485ddfbdfef96f5df25,live/replay implementation base; diagnostic file hash identifies this uncommitted report generator,be28204cf9fc4a1a9edb20ce07b6838c503e385bafa0237a6a1b04ee9857f28a,2dd62b249a181d7045c957f0c33501cc574723cd,37742790398,2026-10-08T15:20:18.859+08:00,2026-10-08T17:27:03.597+08:00
6662,樂斯科,TPEx,otc,DAILY_ACTIVITY_WITHOUT_REGULAR_SESSION_TRADE_EVIDENCE,資料來源限制,NO_OBSERVED_PRE_TRADE / UNKNOWN,True,True,5,4,1,True,False,False,0,False,False,True,False,2,1,null,False,null,unresolved,MISSING,1,27,1,MISSING,"{""代號"": ""6662"", ""名稱"": ""樂斯科"", ""收盤"": "" ---"", ""漲跌"": ""--- "", ""開盤"": ""---"", ""最高"": ""---"", ""最低"": ""---"", ""均價"": ""27.00"", ""成交股數"": ""1"", ""成交金額(元)"": ""27"", ""成交筆數"": ""1"", ""最後買價"": ""27.95"", ""最後買量(張數)"": ""1"", ""最後賣價"": ""28.35"", ""最後賣量(張數)"": ""2"", ""發行股數"": ""25,612,400"", ""次日 參考價"": ""28.35"", ""次日 漲停價"": ""31.15"", ""次日 跌停價"": ""25.55""}",POSTMARKET_DIAGNOSTIC_ONLY_NOT_LIVE_INPUT,{},[],UNVERIFIED; do not infer halt or RR semantics,False,False,FUTURE_LIVE_TEST_REQUIRED; no timestamped pre-13:25 alternative saved,"Positive daily volume does not locate trades before 13:25. Odd-lot explanation is consistent, not individually proven; do not substitute odd-lot for regular-session baseline.",37730234383,11530906396,mis-probe-37730234383,1b4caf9efcbb0575771726b356751f177bba37439179cb14bfc9b8a9bc9a88e0,2026-10-08,2026-10-08T13:35:00+08:00,UNCALCULABLE_EVIDENCE_V1,d8fcacd07b965f537a310485ddfbdfef96f5df25,live/replay implementation base; diagnostic file hash identifies this uncommitted report generator,be28204cf9fc4a1a9edb20ce07b6838c503e385bafa0237a6a1b04ee9857f28a,2dd62b249a181d7045c957f0c33501cc574723cd,37742790398,2026-10-08T15:20:18.859+08:00,2026-10-08T17:27:03.597+08:00
6680,鑫創電子,TPEx,otc,DAILY_ACTIVITY_WITHOUT_REGULAR_SESSION_TRADE_EVIDENCE,資料來源限制,NO_OBSERVED_PRE_TRADE / UNKNOWN,True,True,5,4,1,True,False,False,0,False,False,True,False,2,1,null,False,null,unresolved,MISSING,58,2952,1,MISSING,"{""代號"": ""6680"", ""名稱"": ""鑫創電子"", ""收盤"": "" ---"", ""漲跌"": ""--- "", ""開盤"": ""---"", ""最高"": ""---"", ""最低"": ""---"", ""均價"": ""50.90"", ""成交股數"": ""58"", ""成交金額(元)"": ""2,952"", ""成交筆數"": ""1"", ""最後買價"": ""50.10"", ""最後買量(張數)"": ""3"", ""最後賣價"": ""52.30"", ""最後賣量(張數)"": ""1"", ""發行股數"": ""25,071,427"", ""次日 參考價"": ""50.10"", ""次日 漲停價"": ""55.10"", ""次日 跌停價"": ""45.10""}",POSTMARKET_DIAGNOSTIC_ONLY_NOT_LIVE_INPUT,{},[],UNVERIFIED; do not infer halt or RR semantics,False,False,FUTURE_LIVE_TEST_REQUIRED; no timestamped pre-13:25 alternative saved,"Positive daily volume does not locate trades before 13:25. Odd-lot explanation is consistent, not individually proven; do not substitute odd-lot for regular-session baseline.",37730234383,11530906396,mis-probe-37730234383,1b4caf9efcbb0575771726b356751f177bba37439179cb14bfc9b8a9bc9a88e0,2026-10-08,2026-10-08T13:35:00+08:00,UNCALCULABLE_EVIDENCE_V1,d8fcacd07b965f537a310485ddfbdfef96f5df25,live/replay implementation base; diagnostic file hash identifies this uncommitted report generator,be28204cf9fc4a1a9edb20ce07b6838c503e385bafa0237a6a1b04ee9857f28a,2dd62b249a181d7045c957f0c33501cc574723cd,37742790398,2026-10-08T15:20:18.859+08:00,2026-10-08T17:27:03.597+08:00
6762,達亞,TPEx,otc,DAILY_ACTIVITY_WITHOUT_REGULAR_SESSION_TRADE_EVIDENCE,資料來源限制,NO_OBSERVED_PRE_TRADE / UNKNOWN,True,True,5,4,1,True,False,False,0,False,False,True,False,2,1,null,False,null,unresolved,MISSING,1,157,1,MISSING,"{""代號"": ""6762"", ""名稱"": ""達亞"", ""收盤"": "" ---"", ""漲跌"": ""--- "", ""開盤"": ""---"", ""最高"": ""---"", ""最低"": ""---"", ""均價"": ""157.00"", ""成交股數"": ""1"", ""成交金額(元)"": ""157"", ""成交筆數"": ""1"", ""最後買價"": ""153.00"", ""最後買量(張數)"": ""3"", ""最後賣價"": ""158.00"", ""最後賣量(張數)"": ""1"", ""發行股數"": ""36,930,288"", ""次日 參考價"": ""157.00"", ""次日 漲停價"": ""172.50"", ""次日 跌停價"": ""141.50""}",POSTMARKET_DIAGNOSTIC_ONLY_NOT_LIVE_INPUT,{},[],UNVERIFIED; do not infer halt or RR semantics,False,False,FUTURE_LIVE_TEST_REQUIRED; no timestamped pre-13:25 alternative saved,"Positive daily volume does not locate trades before 13:25. Odd-lot explanation is consistent, not individually proven; do not substitute odd-lot for regular-session baseline.",37730234383,11530906396,mis-probe-37730234383,1b4caf9efcbb0575771726b356751f177bba37439179cb14bfc9b8a9bc9a88e0,2026-10-08,2026-10-08T13:35:00+08:00,UNCALCULABLE_EVIDENCE_V1,d8fcacd07b965f537a310485ddfbdfef96f5df25,live/replay implementation base; diagnostic file hash identifies this uncommitted report generator,be28204cf9fc4a1a9edb20ce07b6838c503e385bafa0237a6a1b04ee9857f28a,2dd62b249a181d7045c957f0c33501cc574723cd,37742790398,2026-10-08T15:20:18.859+08:00,2026-10-08T17:27:03.597+08:00
6904,伯鑫,TPEx,otc,OFFICIAL_ZERO_DAILY_ACTIVITY_NO_PRE_TRADE,無法安全恢復,NO_OBSERVED_PRE_TRADE / UNKNOWN,True,True,5,4,1,True,False,False,0,False,False,True,False,2,1,null,False,null,unresolved,MISSING,0,0,0,MISSING,"{""代號"": ""6904"", ""名稱"": ""伯鑫"", ""收盤"": "" ---"", ""漲跌"": ""--- "", ""開盤"": ""---"", ""最高"": ""---"", ""最低"": ""---"", ""均價"": ""122.75"", ""成交股數"": ""0"", ""成交金額(元)"": ""0"", ""成交筆數"": ""0"", ""最後買價"": ""121.00"", ""最後買量(張數)"": ""1"", ""最後賣價"": ""123.00"", ""最後賣量(張數)"": ""2"", ""發行股數"": ""18,500,000"", ""次日 參考價"": ""123.00"", ""次日 漲停價"": ""135.00"", ""次日 跌停價"": ""111.00""}",POSTMARKET_DIAGNOSTIC_ONLY_NOT_LIVE_INPUT,{},[],UNVERIFIED; do not infer halt or RR semantics,False,False,FUTURE_LIVE_TEST_REQUIRED; no timestamped pre-13:25 alternative saved,"Positive daily volume does not locate trades before 13:25. Odd-lot explanation is consistent, not individually proven; do not substitute odd-lot for regular-session baseline.",37730234383,11530906396,mis-probe-37730234383,1b4caf9efcbb0575771726b356751f177bba37439179cb14bfc9b8a9bc9a88e0,2026-10-08,2026-10-08T13:35:00+08:00,UNCALCULABLE_EVIDENCE_V1,d8fcacd07b965f537a310485ddfbdfef96f5df25,live/replay implementation base; diagnostic file hash identifies this uncommitted report generator,be28204cf9fc4a1a9edb20ce07b6838c503e385bafa0237a6a1b04ee9857f28a,2dd62b249a181d7045c957f0c33501cc574723cd,37742790398,2026-10-08T15:20:18.859+08:00,2026-10-08T17:27:03.597+08:00
7820,立盈,TPEx,otc,OFFICIAL_ZERO_DAILY_ACTIVITY_NO_PRE_TRADE,無法安全恢復,NO_OBSERVED_PRE_TRADE / UNKNOWN,True,True,5,4,1,True,False,False,0,False,False,True,False,2,2,null,False,null,unresolved,MISSING,0,0,0,MISSING,"{""代號"": ""7820"", ""名稱"": ""立盈"", ""收盤"": "" ---"", ""漲跌"": ""--- "", ""開盤"": ""---"", ""最高"": ""---"", ""最低"": ""---"", ""均價"": ""108.52"", ""成交股數"": ""0"", ""成交金額(元)"": ""0"", ""成交筆數"": ""0"", ""最後買價"": ""106.50"", ""最後買量(張數)"": ""1"", ""最後賣價"": ""110.50"", ""最後賣量(張數)"": ""1"", ""發行股數"": ""37,768,096"", ""次日 參考價"": ""110.50"", ""次日 漲停價"": ""121.50"", ""次日 跌停價"": ""99.50""}",POSTMARKET_DIAGNOSTIC_ONLY_NOT_LIVE_INPUT,{},[],UNVERIFIED; do not infer halt or RR semantics,False,False,FUTURE_LIVE_TEST_REQUIRED; no timestamped pre-13:25 alternative saved,"Positive daily volume does not locate trades before 13:25. Odd-lot explanation is consistent, not individually proven; do not substitute odd-lot for regular-session baseline.",37730234383,11530906396,mis-probe-37730234383,1b4caf9efcbb0575771726b356751f177bba37439179cb14bfc9b8a9bc9a88e0,2026-10-08,2026-10-08T13:35:00+08:00,UNCALCULABLE_EVIDENCE_V1,d8fcacd07b965f537a310485ddfbdfef96f5df25,live/replay implementation base; diagnostic file hash identifies this uncommitted report generator,be28204cf9fc4a1a9edb20ce07b6838c503e385bafa0237a6a1b04ee9857f28a,2dd62b249a181d7045c957f0c33501cc574723cd,37742790398,2026-10-08T15:20:18.859+08:00,2026-10-08T17:27:03.597+08:00
8067,志旭,TPEx,otc,NO_OBSERVED_PRE_TRADE_FIRST_SAVED_TRADE_AT_CLOSE,無法安全恢復,NO_OBSERVED_PRE_TRADE / UNKNOWN,True,True,5,4,1,True,False,False,0,False,False,True,False,2,1,null,False,11.5000,AB_converged,13:30:00,1001,11512,2,11.50,"{""代號"": ""8067"", ""名稱"": ""志旭"", ""收盤"": ""11.50"", ""漲跌"": ""+0.45"", ""開盤"": ""11.50"", ""最高"": ""11.50"", ""最低"": ""11.50"", ""均價"": ""11.50"", ""成交股數"": ""1,001"", ""成交金額(元)"": ""11,512"", ""成交筆數"": ""2"", ""最後買價"": ""11.50"", ""最後買量(張數)"": ""1"", ""最後賣價"": ""11.55"", ""最後賣量(張數)"": ""1"", ""發行股數"": ""20,700,000"", ""次日 參考價"": ""11.50"", ""次日 漲停價"": ""12.65"", ""次日 跌停價"": ""10.35""}",POSTMARKET_DIAGNOSTIC_ONLY_NOT_LIVE_INPUT,{},[],UNVERIFIED; do not infer halt or RR semantics,False,False,FUTURE_LIVE_TEST_REQUIRED; no timestamped pre-13:25 alternative saved,"Positive daily volume does not locate trades before 13:25. Odd-lot explanation is consistent, not individually proven; do not substitute odd-lot for regular-session baseline.",37730234383,11530906396,mis-probe-37730234383,1b4caf9efcbb0575771726b356751f177bba37439179cb14bfc9b8a9bc9a88e0,2026-10-08,2026-10-08T13:35:00+08:00,UNCALCULABLE_EVIDENCE_V1,d8fcacd07b965f537a310485ddfbdfef96f5df25,live/replay implementation base; diagnostic file hash identifies this uncommitted report generator,be28204cf9fc4a1a9edb20ce07b6838c503e385bafa0237a6a1b04ee9857f28a,2dd62b249a181d7045c957f0c33501cc574723cd,37742790398,2026-10-08T15:20:18.859+08:00,2026-10-08T17:27:03.597+08:00
8455,大拓-KY,TPEx,otc,DAILY_ACTIVITY_WITHOUT_REGULAR_SESSION_TRADE_EVIDENCE,資料來源限制,NO_OBSERVED_PRE_TRADE / UNKNOWN,True,True,5,4,1,True,False,False,0,False,False,True,False,2,1,null,False,null,unresolved,MISSING,750,17023,6,MISSING,"{""代號"": ""8455"", ""名稱"": ""大拓-KY"", ""收盤"": "" ---"", ""漲跌"": ""--- "", ""開盤"": ""---"", ""最高"": ""---"", ""最低"": ""---"", ""均價"": ""22.70"", ""成交股數"": ""750"", ""成交金額(元)"": ""17,023"", ""成交筆數"": ""6"", ""最後買價"": ""22.65"", ""最後買量(張數)"": ""1"", ""最後賣價"": ""22.95"", ""最後賣量(張數)"": ""1"", ""發行股數"": ""25,219,056"", ""次日 參考價"": ""22.95"", ""次日 漲停價"": ""25.20"", ""次日 跌停價"": ""20.70""}",POSTMARKET_DIAGNOSTIC_ONLY_NOT_LIVE_INPUT,{},"[""RR""]",UNVERIFIED; do not infer halt or RR semantics,False,False,FUTURE_LIVE_TEST_REQUIRED; no timestamped pre-13:25 alternative saved,"Positive daily volume does not locate trades before 13:25. Odd-lot explanation is consistent, not individually proven; do not substitute odd-lot for regular-session baseline.",37730234383,11530906396,mis-probe-37730234383,1b4caf9efcbb0575771726b356751f177bba37439179cb14bfc9b8a9bc9a88e0,2026-10-08,2026-10-08T13:35:00+08:00,UNCALCULABLE_EVIDENCE_V1,d8fcacd07b965f537a310485ddfbdfef96f5df25,live/replay implementation base; diagnostic file hash identifies this uncommitted report generator,be28204cf9fc4a1a9edb20ce07b6838c503e385bafa0237a6a1b04ee9857f28a,2dd62b249a181d7045c957f0c33501cc574723cd,37742790398,2026-10-08T15:20:18.859+08:00,2026-10-08T17:27:03.597+08:00
9949,琉園,TPEx,otc,DAILY_ACTIVITY_WITHOUT_REGULAR_SESSION_TRADE_EVIDENCE,資料來源限制,NO_OBSERVED_PRE_TRADE / UNKNOWN,True,True,5,4,1,True,False,False,0,False,False,True,False,2,1,null,False,null,unresolved,MISSING,682,16479,23,MISSING,"{""代號"": ""9949"", ""名稱"": ""琉園"", ""收盤"": "" ---"", ""漲跌"": ""--- "", ""開盤"": ""---"", ""最高"": ""---"", ""最低"": ""---"", ""均價"": ""24.16"", ""成交股數"": ""682"", ""成交金額(元)"": ""16,479"", ""成交筆數"": ""23"", ""最後買價"": ""24.05"", ""最後買量(張數)"": ""1"", ""最後賣價"": ""24.20"", ""最後賣量(張數)"": ""1"", ""發行股數"": ""44,860,763"", ""次日 參考價"": ""24.10"", ""次日 漲停價"": ""26.50"", ""次日 跌停價"": ""21.70""}",POSTMARKET_DIAGNOSTIC_ONLY_NOT_LIVE_INPUT,{},[],UNVERIFIED; do not infer halt or RR semantics,False,False,FUTURE_LIVE_TEST_REQUIRED; no timestamped pre-13:25 alternative saved,"Positive daily volume does not locate trades before 13:25. Odd-lot explanation is consistent, not individually proven; do not substitute odd-lot for regular-session baseline.",37730234383,11530906396,mis-probe-37730234383,1b4caf9efcbb0575771726b356751f177bba37439179cb14bfc9b8a9bc9a88e0,2026-10-08,2026-10-08T13:35:00+08:00,UNCALCULABLE_EVIDENCE_V1,d8fcacd07b965f537a310485ddfbdfef96f5df25,live/replay implementation base; diagnostic file hash identifies this uncommitted report generator,be28204cf9fc4a1a9edb20ce07b6838c503e385bafa0237a6a1b04ee9857f28a,2dd62b249a181d7045c957f0c33501cc574723cd,37742790398,2026-10-08T15:20:18.859+08:00,2026-10-08T17:27:03.597+08:00
