event_id,event_name,source_organization,index_name,announcement_date,effective_date,closing_impact_date,close_date_status,event_status,first_seen_at,source_url
0ea76ce5b01aefd60192,臺灣指數公司特選 Smart 多因子指數 · 2026-10,TIP,臺灣指數公司特選 Smart 多因子指數,2026-10-19,2026-10-20,,DATE_UNVERIFIED,SCHEDULE_ONLY,2026-10-09T10:33:57+08:00,https://backend.taiwanindex.com.tw/api/downloadFile/TechnicalNotices/1311/tw
692d920ceb7be5815edd,臺灣指數公司低波動股利精選 30 指數 · 2026-10,TIP,臺灣指數公司低波動股利精選 30 指數,2026-10-19,2026-10-20,,DATE_UNVERIFIED,SCHEDULE_ONLY,2026-10-09T10:33:57+08:00,https://backend.taiwanindex.com.tw/api/downloadFile/TechnicalNotices/1311/tw
6fe6bf3f3fd66bfeaa43,臺灣指數公司特選臺灣上市上櫃綠色能源報酬指數 · 2026-10,TIP,臺灣指數公司特選臺灣上市上櫃綠色能源報酬指數,2026-10-19,2026-10-20,,DATE_UNVERIFIED,SCHEDULE_ONLY,2026-10-09T10:33:57+08:00,https://backend.taiwanindex.com.tw/api/downloadFile/TechnicalNotices/1311/tw
7171b79eb95267d7c107,臺灣指數公司特選臺灣上市上櫃 FactSet 科技龍頭通訊指數 · 2026-10,TIP,臺灣指數公司特選臺灣上市上櫃 FactSet 科技龍頭通訊指數,2026-10-19,2026-10-20,,DATE_UNVERIFIED,SCHEDULE_ONLY,2026-10-09T10:33:57+08:00,https://backend.taiwanindex.com.tw/api/downloadFile/TechnicalNotices/1311/tw
a59545b6b3e28bc54f2f,臺灣指數公司中小型 A 級動能 50 指數 · 2026-10,TIP,臺灣指數公司中小型 A 級動能 50 指數,2026-10-19,2026-10-20,,DATE_UNVERIFIED,SCHEDULE_ONLY,2026-10-09T10:33:57+08:00,https://backend.taiwanindex.com.tw/api/downloadFile/TechnicalNotices/1311/tw
b921d166cd3b0d75d24a,臺灣指數公司特選臺灣上市上櫃智慧 50 指數 · 2026-10,TIP,臺灣指數公司特選臺灣上市上櫃智慧 50 指數,2026-10-19,2026-10-20,,DATE_UNVERIFIED,SCHEDULE_ONLY,2026-10-09T10:33:57+08:00,https://backend.taiwanindex.com.tw/api/downloadFile/TechnicalNotices/1311/tw
da002200c0f2b9ea36e2,臺灣指數公司特選臺灣上市上櫃 IC 設計報酬指數 · 2026-10,TIP,臺灣指數公司特選臺灣上市上櫃 IC 設計報酬指數,2026-10-19,2026-10-20,,DATE_UNVERIFIED,SCHEDULE_ONLY,2026-10-09T10:33:57+08:00,https://backend.taiwanindex.com.tw/api/downloadFile/TechnicalNotices/1311/tw
e49e9d2794187c57746f,臺灣指數公司特選臺灣市值菁英 50 指數 · 2026-10,TIP,臺灣指數公司特選臺灣市值菁英 50 指數,2026-10-19,2026-10-20,,DATE_UNVERIFIED,SCHEDULE_ONLY,2026-10-09T10:33:57+08:00,https://backend.taiwanindex.com.tw/api/downloadFile/TechnicalNotices/1311/tw
e55410aba1bc1d887b66,臺灣指數公司特選臺灣上市上櫃 FactSet 創新科技 50 指數 · 2026-10,TIP,臺灣指數公司特選臺灣上市上櫃 FactSet 創新科技 50 指數,2026-10-19,2026-10-20,,DATE_UNVERIFIED,SCHEDULE_ONLY,2026-10-09T10:33:57+08:00,https://backend.taiwanindex.com.tw/api/downloadFile/TechnicalNotices/1311/tw
abc16ae7b1e35c9885a1,臺灣指數公司特選臺灣上市上櫃 ESG 永續高股息等權重指數 · 2026-10,TIP,臺灣指數公司特選臺灣上市上櫃 ESG 永續高股息等權重指數,2026-11-03,2026-11-04,,DATE_UNVERIFIED,SCHEDULE_ONLY,2026-10-09T10:33:57+08:00,https://backend.taiwanindex.com.tw/api/downloadFile/TechnicalNotices/1311/tw
c289b802ca0af632e356,臺灣指數公司工業菁英 30 指數 · 2026-10,TIP,臺灣指數公司工業菁英 30 指數,2026-11-03,2026-11-04,,DATE_UNVERIFIED,SCHEDULE_ONLY,2026-10-09T10:33:57+08:00,https://backend.taiwanindex.com.tw/api/downloadFile/TechnicalNotices/1311/tw
1b7a6239440f24fcb0a2,臺灣指數公司特選臺灣上市上櫃動能趨勢指數 · 2026-11,TIP,臺灣指數公司特選臺灣上市上櫃動能趨勢指數,2026-11-17,2026-11-18,,DATE_UNVERIFIED,SCHEDULE_ONLY,2026-10-09T10:33:57+08:00,https://backend.taiwanindex.com.tw/api/downloadFile/TechnicalNotices/1325/tw
32fb71562eb4de5f1420,臺灣指數公司特選臺灣上市上櫃綠能及電動車指數 · 2026-11,TIP,臺灣指數公司特選臺灣上市上櫃綠能及電動車指數,2026-11-17,2026-11-18,,DATE_UNVERIFIED,SCHEDULE_ONLY,2026-10-09T10:33:57+08:00,https://backend.taiwanindex.com.tw/api/downloadFile/TechnicalNotices/1325/tw
4dcc953108f87a596546,臺灣指數公司特選臺灣 TOP 50 報酬指數 · 2026-11,TIP,臺灣指數公司特選臺灣 TOP 50 報酬指數,2026-11-17,2026-11-18,,DATE_UNVERIFIED,SCHEDULE_ONLY,2026-10-09T10:33:57+08:00,https://backend.taiwanindex.com.tw/api/downloadFile/TechnicalNotices/1325/tw
50c0f1c650454cf67db3,臺灣指數公司特選臺灣上市上櫃 FactSet 臺灣趨勢動能高股息指數 · 2026-11,TIP,臺灣指數公司特選臺灣上市上櫃 FactSet 臺灣趨勢動能高股息指數,2026-11-17,2026-11-18,,DATE_UNVERIFIED,SCHEDULE_ONLY,2026-10-09T10:33:57+08:00,https://backend.taiwanindex.com.tw/api/downloadFile/TechnicalNotices/1325/tw
7be2de1ac1ec4621d354,臺灣指數公司特選臺灣晶圓製造指數 · 2026-11,TIP,臺灣指數公司特選臺灣晶圓製造指數,2026-11-17,2026-11-18,,DATE_UNVERIFIED,SCHEDULE_ONLY,2026-10-09T10:33:57+08:00,https://backend.taiwanindex.com.tw/api/downloadFile/TechnicalNotices/1325/tw
7ebbdeaaac1240b56674,臺灣指數公司特選臺灣上市上櫃 FactSet 智慧移動與電動車報酬指數 · 2026-11,TIP,臺灣指數公司特選臺灣上市上櫃 FactSet 智慧移動與電動車報酬指數,2026-11-17,2026-11-18,,DATE_UNVERIFIED,SCHEDULE_ONLY,2026-10-09T10:33:57+08:00,https://backend.taiwanindex.com.tw/api/downloadFile/TechnicalNotices/1325/tw
847abde72353ebbf5208,臺灣指數公司特選小資高價 30 指數 · 2026-11,TIP,臺灣指數公司特選小資高價 30 指數,2026-11-17,2026-11-18,,DATE_UNVERIFIED,SCHEDULE_ONLY,2026-10-09T10:33:57+08:00,https://backend.taiwanindex.com.tw/api/downloadFile/TechnicalNotices/1325/tw
d8f3acc7927efc910189,臺灣指數公司特選臺灣上市上櫃 AI 優息動能指數 · 2026-11,TIP,臺灣指數公司特選臺灣上市上櫃 AI 優息動能指數,2026-11-17,2026-11-18,,DATE_UNVERIFIED,SCHEDULE_ONLY,2026-10-09T10:33:57+08:00,https://backend.taiwanindex.com.tw/api/downloadFile/TechnicalNotices/1325/tw
e29fbda6b1243e829d20,臺灣指數公司臺灣上市上櫃生技醫療股價指數 · 2026-11,TIP,臺灣指數公司臺灣上市上櫃生技醫療股價指數,2026-11-17,2026-11-18,,DATE_UNVERIFIED,SCHEDULE_ONLY,2026-10-09T10:33:57+08:00,https://backend.taiwanindex.com.tw/api/downloadFile/TechnicalNotices/1325/tw
f195c919a39e21cb2c45,臺灣指數公司特選臺灣價值高息指數 · 2026-11,TIP,臺灣指數公司特選臺灣價值高息指數,2026-11-17,2026-11-18,,DATE_UNVERIFIED,SCHEDULE_ONLY,2026-10-09T10:33:57+08:00,https://backend.taiwanindex.com.tw/api/downloadFile/TechnicalNotices/1325/tw
f4a02dee96eeed898a20,臺灣指數公司特選臺灣上市上櫃 IC 設計動能指數 · 2026-11,TIP,臺灣指數公司特選臺灣上市上櫃 IC 設計動能指數,2026-11-17,2026-11-18,,DATE_UNVERIFIED,SCHEDULE_ONLY,2026-10-09T10:33:57+08:00,https://backend.taiwanindex.com.tw/api/downloadFile/TechnicalNotices/1325/tw
342c378ff8b715cfdc10,MSCI November 2026 定審,MSCI,MSCI Global Standard / Small Cap（含臺灣）,2026-11-11,2026-12-01,2026-11-30,EXPECTED_CLOSE_WATCH_DATE,SCHEDULE_ONLY,2026-10-09T10:33:57+08:00,https://www.msci.com/eqb/pressreleases/archive/ir_dates.pdf
4f949c23cddb64658a23,臺灣指數公司特選臺灣上市上櫃科技高息成長指數 · 2026-11,TIP,臺灣指數公司特選臺灣上市上櫃科技高息成長指數,2026-12-01,2026-12-02,,DATE_UNVERIFIED,SCHEDULE_ONLY,2026-10-09T10:33:57+08:00,https://backend.taiwanindex.com.tw/api/downloadFile/TechnicalNotices/1325/tw
a13fd22f6e6a3a2e4a8c,臺灣指數公司特選臺灣上市上櫃優選多因子 30 指數 · 2026-11,TIP,臺灣指數公司特選臺灣上市上櫃優選多因子 30 指數,2026-12-01,2026-12-02,,DATE_UNVERIFIED,SCHEDULE_ONLY,2026-10-09T10:33:57+08:00,https://backend.taiwanindex.com.tw/api/downloadFile/TechnicalNotices/1325/tw
2fea5954edfe3cc9e1f1,臺灣指數公司特選臺灣上市上櫃 FactSet 優選 AI 50 指數 · 2026-11,TIP,臺灣指數公司特選臺灣上市上櫃 FactSet 優選 AI 50 指數,2026-12-03,2026-12-04,,DATE_UNVERIFIED,SCHEDULE_ONLY,2026-10-09T10:33:57+08:00,https://backend.taiwanindex.com.tw/api/downloadFile/TechnicalNotices/1325/tw
2d6f73cc66424ff13adb,FTSE TWSE Taiwan Mid-Cap 100 Index · 2026-12,FTSE,FTSE TWSE Taiwan Mid-Cap 100 Index,,2026-12-21,2026-12-18,EXPECTED_CLOSE_WATCH_DATE,EXPECTED,2026-10-09T10:33:57+08:00,https://www.lseg.com/content/dam/ftse-russell/en_us/documents/ground-rules/ftse-twse-taiwan-index-series-ground-rules.pdf
aa933d96e5db1386316c,FTSE TWSE Taiwan 50 Index · 2026-12,FTSE,FTSE TWSE Taiwan 50 Index,,2026-12-21,2026-12-18,EXPECTED_CLOSE_WATCH_DATE,EXPECTED,2026-10-09T10:33:57+08:00,https://www.lseg.com/content/dam/ftse-russell/en_us/documents/ground-rules/ftse-twse-taiwan-index-series-ground-rules.pdf
c5d4b2dabbae721f5941,FTSE TWSE Taiwan Dividend+ Index · 2026-12,FTSE,FTSE TWSE Taiwan Dividend+ Index,,2026-12-21,,EXPECTED_CLOSE_WATCH_DATE,EXPECTED,2026-10-09T10:33:57+08:00,https://www.twse.com.tw/downloads/en/products/indices/IndexSen20.pdf
3197fe5a91446343ebe8,MSCI February 2027 定審,MSCI,MSCI Global Standard / Small Cap（含臺灣）,2027-02-09,2027-03-01,,DATE_UNVERIFIED,SCHEDULE_ONLY,2026-10-09T10:33:57+08:00,https://www.msci.com/eqb/pressreleases/archive/ir_dates.pdf
033ea22d843db59b2fb0,MSCI May 2027 定審,MSCI,MSCI Global Standard / Small Cap（含臺灣）,2027-05-10,2027-05-28,,DATE_UNVERIFIED,SCHEDULE_ONLY,2026-10-09T10:33:57+08:00,https://www.msci.com/eqb/pressreleases/archive/ir_dates.pdf
6a21c7df4af842c30e0f,MSCI August 2027 定審,MSCI,MSCI Global Standard / Small Cap（含臺灣）,2027-08-12,2027-09-01,,DATE_UNVERIFIED,SCHEDULE_ONLY,2026-10-09T10:33:57+08:00,https://www.msci.com/eqb/pressreleases/archive/ir_dates.pdf
