phase,batch_no,requested_at,received_at,latency_ms,retry,error,expected_count,returned_count
preclose,1,2026-10-01T13:24:50.001+08:00,2026-10-01T13:24:51.680+08:00,1679,0,,50,50
preclose,2,2026-10-01T13:24:50.001+08:00,2026-10-01T13:24:52.018+08:00,2016,0,,50,49
preclose,3,2026-10-01T13:24:50.002+08:00,2026-10-01T13:24:54.058+08:00,4056,0,,50,50
preclose,4,2026-10-01T13:24:50.002+08:00,2026-10-01T13:24:54.181+08:00,4178,0,,50,50
preclose,5,2026-10-01T13:24:50.003+08:00,2026-10-01T13:24:52.983+08:00,2980,0,,50,50
preclose,6,2026-10-01T13:24:51.680+08:00,2026-10-01T13:24:54.067+08:00,2387,0,,50,49
preclose,7,2026-10-01T13:24:52.018+08:00,2026-10-01T13:24:54.189+08:00,2171,0,,50,48
preclose,8,2026-10-01T13:24:52.983+08:00,2026-10-01T13:24:54.717+08:00,1734,0,,50,49
preclose,9,2026-10-01T13:24:54.058+08:00,2026-10-01T13:25:01.534+08:00,7476,0,,50,50
preclose,10,2026-10-01T13:24:54.067+08:00,2026-10-01T13:24:56.386+08:00,2319,0,,50,50
preclose,11,2026-10-01T13:24:54.181+08:00,2026-10-01T13:24:55.477+08:00,1296,0,,50,50
preclose,12,2026-10-01T13:24:54.189+08:00,2026-10-01T13:24:56.662+08:00,2473,0,,50,50
preclose,13,2026-10-01T13:24:54.717+08:00,2026-10-01T13:25:00.757+08:00,6041,0,,50,50
preclose,14,2026-10-01T13:24:55.477+08:00,2026-10-01T13:24:58.693+08:00,3216,0,,50,50
preclose,15,2026-10-01T13:24:56.386+08:00,2026-10-01T13:24:57.957+08:00,1571,0,,50,50
preclose,16,2026-10-01T13:24:56.662+08:00,2026-10-01T13:25:00.147+08:00,3485,0,,50,50
preclose,17,2026-10-01T13:24:57.957+08:00,2026-10-01T13:24:59.882+08:00,1925,0,,50,49
preclose,18,2026-10-01T13:24:58.693+08:00,2026-10-01T13:25:00.356+08:00,1662,0,,50,50
preclose,19,2026-10-01T13:24:59.882+08:00,2026-10-01T13:25:02.665+08:00,2783,0,,50,50
preclose,20,2026-10-01T13:25:00.147+08:00,2026-10-01T13:25:04.071+08:00,3924,0,,50,50
preclose,21,2026-10-01T13:25:00.356+08:00,2026-10-01T13:25:02.673+08:00,2317,0,,50,49
preclose,22,2026-10-01T13:25:00.757+08:00,2026-10-01T13:25:03.500+08:00,2743,0,,50,50
preclose,23,2026-10-01T13:25:01.534+08:00,2026-10-01T13:25:12.439+08:00,10905,0,,50,50
preclose,24,2026-10-01T13:25:02.665+08:00,2026-10-01T13:25:08.541+08:00,5876,0,,50,49
preclose,25,2026-10-01T13:25:02.673+08:00,2026-10-01T13:25:05.301+08:00,2629,0,,50,50
preclose,26,2026-10-01T13:25:03.500+08:00,2026-10-01T13:25:06.947+08:00,3446,0,,50,50
preclose,27,2026-10-01T13:25:04.071+08:00,2026-10-01T13:25:06.227+08:00,2156,0,,50,49
preclose,28,2026-10-01T13:25:05.301+08:00,2026-10-01T13:25:06.868+08:00,1567,0,,50,50
preclose,29,2026-10-01T13:25:06.227+08:00,2026-10-01T13:25:11.441+08:00,5214,0,,50,50
preclose,30,2026-10-01T13:25:06.868+08:00,2026-10-01T13:25:11.270+08:00,4401,0,,50,50
preclose,31,2026-10-01T13:25:06.947+08:00,2026-10-01T13:25:08.197+08:00,1251,0,,50,50
preclose,32,2026-10-01T13:25:08.197+08:00,2026-10-01T13:25:12.416+08:00,4219,0,,50,50
preclose,33,2026-10-01T13:25:08.541+08:00,2026-10-01T13:25:10.819+08:00,2278,0,,50,50
preclose,34,2026-10-01T13:25:10.819+08:00,2026-10-01T13:25:14.266+08:00,3447,0,,50,50
preclose,35,2026-10-01T13:25:11.270+08:00,2026-10-01T13:25:12.647+08:00,1377,0,,50,50
preclose,36,2026-10-01T13:25:11.441+08:00,2026-10-01T13:25:13.896+08:00,2455,0,,50,50
preclose,37,2026-10-01T13:25:12.416+08:00,2026-10-01T13:25:14.241+08:00,1825,0,,50,50
preclose,38,2026-10-01T13:25:12.439+08:00,2026-10-01T13:25:13.360+08:00,921,0,,50,50
preclose,39,2026-10-01T13:25:12.647+08:00,2026-10-01T13:25:16.662+08:00,4015,0,,50,50
preclose,40,2026-10-01T13:25:13.360+08:00,2026-10-01T13:25:14.176+08:00,816,0,,28,28
close,1,2026-10-01T13:30:02.001+08:00,2026-10-01T13:30:12.248+08:00,10247,0,,50,50
close,2,2026-10-01T13:30:02.001+08:00,2026-10-01T13:30:12.455+08:00,10454,0,,50,49
close,3,2026-10-01T13:30:02.002+08:00,2026-10-01T13:30:12.196+08:00,10195,0,,50,50
close,4,2026-10-01T13:30:02.004+08:00,2026-10-01T13:30:11.384+08:00,9381,0,,50,50
close,5,2026-10-01T13:30:02.004+08:00,2026-10-01T13:30:12.572+08:00,10568,0,,50,50
close,6,2026-10-01T13:30:11.384+08:00,2026-10-01T13:30:16.333+08:00,4949,0,,50,49
close,7,2026-10-01T13:30:12.196+08:00,2026-10-01T13:30:16.835+08:00,4639,0,,50,48
close,8,2026-10-01T13:30:12.248+08:00,2026-10-01T13:30:15.206+08:00,2958,0,,50,49
close,9,2026-10-01T13:30:12.455+08:00,2026-10-01T13:30:15.003+08:00,2548,0,,50,50
close,10,2026-10-01T13:30:12.572+08:00,2026-10-01T13:30:15.892+08:00,3320,0,,50,50
close,11,2026-10-01T13:30:15.003+08:00,2026-10-01T13:30:19.088+08:00,4085,0,,50,50
close,12,2026-10-01T13:30:15.206+08:00,2026-10-01T13:30:19.020+08:00,3814,0,,50,50
close,13,2026-10-01T13:30:15.892+08:00,2026-10-01T13:30:19.582+08:00,3690,0,,50,50
close,14,2026-10-01T13:30:16.333+08:00,2026-10-01T13:30:19.708+08:00,3375,0,,50,50
close,15,2026-10-01T13:30:16.835+08:00,2026-10-01T13:30:20.875+08:00,4040,0,,50,50
close,16,2026-10-01T13:30:19.020+08:00,2026-10-01T13:30:22.858+08:00,3838,0,,50,50
close,17,2026-10-01T13:30:19.088+08:00,2026-10-01T13:30:22.234+08:00,3146,0,,50,49
close,18,2026-10-01T13:30:19.582+08:00,2026-10-01T13:30:23.954+08:00,4371,0,,50,50
close,19,2026-10-01T13:30:19.708+08:00,2026-10-01T13:30:22.340+08:00,2632,0,,50,50
close,20,2026-10-01T13:30:20.875+08:00,2026-10-01T13:30:24.234+08:00,3360,0,,50,50
close,21,2026-10-01T13:30:22.234+08:00,2026-10-01T13:30:24.095+08:00,1861,0,,50,49
close,22,2026-10-01T13:30:22.340+08:00,2026-10-01T13:30:24.397+08:00,2057,0,,50,50
close,23,2026-10-01T13:30:22.858+08:00,2026-10-01T13:30:25.601+08:00,2743,0,,50,50
close,24,2026-10-01T13:30:23.954+08:00,2026-10-01T13:30:26.675+08:00,2721,0,,50,49
close,25,2026-10-01T13:30:24.095+08:00,2026-10-01T13:30:26.866+08:00,2771,0,,50,50
close,26,2026-10-01T13:30:24.234+08:00,2026-10-01T13:30:26.641+08:00,2407,0,,50,50
close,27,2026-10-01T13:30:24.397+08:00,2026-10-01T13:30:27.253+08:00,2857,0,,50,49
close,28,2026-10-01T13:30:25.601+08:00,2026-10-01T13:30:28.910+08:00,3309,0,,50,50
close,29,2026-10-01T13:30:26.641+08:00,2026-10-01T13:30:29.043+08:00,2402,0,,50,50
close,30,2026-10-01T13:30:26.675+08:00,2026-10-01T13:30:28.764+08:00,2089,0,,50,50
close,31,2026-10-01T13:30:26.866+08:00,2026-10-01T13:30:29.142+08:00,2276,0,,50,50
close,32,2026-10-01T13:30:27.253+08:00,2026-10-01T13:30:29.467+08:00,2214,0,,50,50
close,33,2026-10-01T13:30:28.764+08:00,2026-10-01T13:30:30.973+08:00,2208,0,,50,50
close,34,2026-10-01T13:30:28.910+08:00,2026-10-01T13:30:30.811+08:00,1901,0,,50,50
close,35,2026-10-01T13:30:29.043+08:00,2026-10-01T13:30:30.969+08:00,1926,0,,50,50
close,36,2026-10-01T13:30:29.142+08:00,2026-10-01T13:30:30.829+08:00,1687,0,,50,50
close,37,2026-10-01T13:30:29.467+08:00,2026-10-01T13:30:31.365+08:00,1898,0,,50,50
close,38,2026-10-01T13:30:30.811+08:00,2026-10-01T13:30:32.649+08:00,1838,0,,50,50
close,39,2026-10-01T13:30:30.829+08:00,2026-10-01T13:30:32.735+08:00,1906,0,,50,50
close,40,2026-10-01T13:30:30.969+08:00,2026-10-01T13:30:32.049+08:00,1080,0,,28,28
delayed_close,1,2026-10-01T13:33:15.006+08:00,2026-10-01T13:33:18.228+08:00,3222,0,,50,50
delayed_close,2,2026-10-01T13:33:15.013+08:00,2026-10-01T13:33:19.961+08:00,4948,0,,50,49
delayed_close,3,2026-10-01T13:33:15.020+08:00,2026-10-01T13:33:16.218+08:00,1198,0,,50,50
delayed_close,4,2026-10-01T13:33:15.031+08:00,2026-10-01T13:33:17.234+08:00,2203,0,,50,50
delayed_close,5,2026-10-01T13:33:15.036+08:00,2026-10-01T13:33:16.088+08:00,1052,0,,50,50
delayed_close,6,2026-10-01T13:33:16.088+08:00,2026-10-01T13:33:17.995+08:00,1906,0,,50,49
delayed_close,7,2026-10-01T13:33:16.218+08:00,2026-10-01T13:33:16.926+08:00,708,0,,50,48
delayed_close,8,2026-10-01T13:33:16.926+08:00,2026-10-01T13:33:17.722+08:00,795,0,,50,49
delayed_close,9,2026-10-01T13:33:17.234+08:00,2026-10-01T13:33:19.935+08:00,2701,0,,50,50
delayed_close,10,2026-10-01T13:33:17.722+08:00,2026-10-01T13:33:19.166+08:00,1444,0,,50,50
delayed_close,11,2026-10-01T13:33:17.995+08:00,2026-10-01T13:33:21.828+08:00,3833,0,,50,50
delayed_close,12,2026-10-01T13:33:18.228+08:00,2026-10-01T13:33:19.414+08:00,1186,0,,50,50
delayed_close,13,2026-10-01T13:33:19.166+08:00,2026-10-01T13:33:20.778+08:00,1612,0,,50,50
delayed_close,14,2026-10-01T13:33:19.414+08:00,2026-10-01T13:33:21.117+08:00,1703,0,,50,50
delayed_close,15,2026-10-01T13:33:19.935+08:00,2026-10-01T13:33:21.315+08:00,1380,0,,50,50
delayed_close,16,2026-10-01T13:33:19.961+08:00,2026-10-01T13:33:24.886+08:00,4925,0,,50,50
delayed_close,17,2026-10-01T13:33:20.778+08:00,2026-10-01T13:33:24.927+08:00,4149,0,,50,49
delayed_close,18,2026-10-01T13:33:21.117+08:00,2026-10-01T13:33:25.421+08:00,4304,0,,50,50
delayed_close,19,2026-10-01T13:33:21.315+08:00,2026-10-01T13:33:24.492+08:00,3178,0,,50,50
delayed_close,20,2026-10-01T13:33:21.828+08:00,2026-10-01T13:33:29.960+08:00,8132,0,,50,50
delayed_close,21,2026-10-01T13:33:45.016+08:00,2026-10-01T13:33:50.573+08:00,5557,1,,50,49
delayed_close,22,2026-10-01T13:33:24.886+08:00,2026-10-01T13:33:27.364+08:00,2478,0,,50,50
delayed_close,23,2026-10-01T13:33:24.927+08:00,2026-10-01T13:33:28.470+08:00,3543,0,,50,50
delayed_close,24,2026-10-01T13:33:25.421+08:00,2026-10-01T13:33:28.563+08:00,3142,0,,50,49
delayed_close,25,2026-10-01T13:33:27.364+08:00,2026-10-01T13:33:32.201+08:00,4837,0,,50,50
delayed_close,26,2026-10-01T13:33:28.470+08:00,2026-10-01T13:33:30.629+08:00,2159,0,,50,50
delayed_close,27,2026-10-01T13:33:28.563+08:00,2026-10-01T13:33:31.053+08:00,2490,0,,50,49
delayed_close,28,2026-10-01T13:33:29.960+08:00,2026-10-01T13:33:31.021+08:00,1061,0,,50,50
delayed_close,29,2026-10-01T13:33:30.629+08:00,2026-10-01T13:33:31.741+08:00,1113,0,,50,50
delayed_close,30,2026-10-01T13:33:31.021+08:00,2026-10-01T13:33:32.638+08:00,1617,0,,50,50
delayed_close,31,2026-10-01T13:33:31.053+08:00,2026-10-01T13:33:32.619+08:00,1566,0,,50,50
delayed_close,32,2026-10-01T13:33:31.742+08:00,2026-10-01T13:33:34.368+08:00,2626,0,,50,50
delayed_close,33,2026-10-01T13:33:32.201+08:00,2026-10-01T13:33:34.176+08:00,1975,0,,50,50
delayed_close,34,2026-10-01T13:33:32.619+08:00,2026-10-01T13:33:33.759+08:00,1140,0,,50,50
delayed_close,35,2026-10-01T13:33:32.638+08:00,2026-10-01T13:33:36.954+08:00,4316,0,,50,50
delayed_close,36,2026-10-01T13:33:33.759+08:00,2026-10-01T13:33:34.757+08:00,998,0,,50,50
delayed_close,37,2026-10-01T13:33:34.176+08:00,2026-10-01T13:33:36.163+08:00,1987,0,,50,50
delayed_close,38,2026-10-01T13:33:34.368+08:00,2026-10-01T13:33:39.871+08:00,5503,0,,50,50
delayed_close,39,2026-10-01T13:33:34.757+08:00,2026-10-01T13:33:36.603+08:00,1846,0,,50,50
delayed_close,40,2026-10-01T13:33:36.163+08:00,2026-10-01T13:33:38.903+08:00,2740,0,,28,28
