market,code,name,price_result,classification,mis_trade_time,mis_price,official_close,official_daily_shares,validated
TPEx,2235,謚源,UNAVAILABLE,OFFICIAL_DAILY_NO_TRADE,,, ---,0,False
TPEx,2937,集雅社,UNAVAILABLE,OFFICIAL_DAILY_NO_TRADE,,, ---,0,False
TPEx,2949,欣新網,UNAVAILABLE,NO_ORDINARY_CLOSE_WITH_NONORDINARY_TRADES,,, ---,2,False
TPEx,3067,全域,UNAVAILABLE,OFFICIAL_DAILY_NO_TRADE,,, ---,0,False
TPEx,3085,新零售,UNAVAILABLE,OFFICIAL_NONTRADABLE,,,,,False
TPEx,4192,杏國,UNAVAILABLE,NO_ORDINARY_CLOSE_WITH_NONORDINARY_TRADES,,, ---,124,False
TPEx,4419,皇家美食,UNAVAILABLE,OFFICIAL_DAILY_NO_TRADE,,, ---,0,False
TPEx,4527,方方土霖,UNAVAILABLE,OFFICIAL_NONTRADABLE,,,,,False
TPEx,4804,大略-KY,UNAVAILABLE,OFFICIAL_NONTRADABLE,,,,,False
TPEx,4806,桂田文創,UNAVAILABLE,OFFICIAL_NONTRADABLE,,,,,False
TPEx,4995,晶達,MISMATCH,NESTED_CLOSE_NOT_OBSERVED_ROOT_CAUSE_UNRESOLVED,12:20:25,49.7000,50.00,"7,077",False
TPEx,5301,寶得利,UNAVAILABLE,OFFICIAL_NONTRADABLE,,,,,False
TPEx,5455,昇益,UNAVAILABLE,NO_ORDINARY_CLOSE_WITH_NONORDINARY_TRADES,,, ---,193,False
TPEx,5548,安倉,MISMATCH,NESTED_CLOSE_NOT_OBSERVED_ROOT_CAUSE_UNRESOLVED,13:10:41,20.0500,20.00,"77,825",False
TPEx,5703,亞都麗緻,UNAVAILABLE,NO_ORDINARY_CLOSE_WITH_NONORDINARY_TRADES,,, ---,222,False
TPEx,6114,久威,UNAVAILABLE,NO_ORDINARY_CLOSE_WITH_NONORDINARY_TRADES,,, ---,60,False
TPEx,6198,瑞築,UNAVAILABLE,OFFICIAL_DAILY_NO_TRADE,,, ---,0,False
TPEx,6222,立軒,UNAVAILABLE,OFFICIAL_DAILY_NO_TRADE,,, ---,0,False
TPEx,6242,立康,UNAVAILABLE,NO_ORDINARY_CLOSE_WITH_NONORDINARY_TRADES,,, ---,304,False
TPEx,6661,威健生技,UNAVAILABLE,OFFICIAL_DAILY_NO_TRADE,,, ---,0,False
TPEx,6855,數泓科,UNAVAILABLE,NO_ORDINARY_CLOSE_WITH_NONORDINARY_TRADES,,, ---,5,False
TPEx,6865,偉康科技,MISMATCH,NESTED_CLOSE_NOT_OBSERVED_ROOT_CAUSE_UNRESOLVED,13:14:23,28.2000,27.65,"21,142",False
TPEx,6904,伯鑫,UNAVAILABLE,OFFICIAL_DAILY_NO_TRADE,,, ---,0,False
TPEx,6929,佑全,UNAVAILABLE,OFFICIAL_DAILY_NO_TRADE,,, ---,0,False
TPEx,6953,家碩,MISMATCH,NESTED_CLOSE_NOT_OBSERVED_ROOT_CAUSE_UNRESOLVED,13:22:49,251.5000,252.50,"101,006",False
TPEx,6997,博弘,UNAVAILABLE,NO_ORDINARY_CLOSE_WITH_NONORDINARY_TRADES,,, ---,8,False
TPEx,7767,仁大資訊,UNAVAILABLE,NO_ORDINARY_CLOSE_WITH_NONORDINARY_TRADES,,, ---,33,False
TPEx,8183,精星,UNAVAILABLE,OFFICIAL_NONTRADABLE,,,,,False
TPEx,8424,惠普,UNAVAILABLE,NO_ORDINARY_CLOSE_WITH_NONORDINARY_TRADES,,, ---,55,False
TPEx,8444,綠河-KY,UNAVAILABLE,NO_ORDINARY_CLOSE_WITH_NONORDINARY_TRADES,,, ---,30,False
TPEx,8472,納維康,MISMATCH,NESTED_CLOSE_NOT_OBSERVED_ROOT_CAUSE_UNRESOLVED,13:24:55,68.6000,69.20,"181,956",False
TPEx,8917,欣泰,UNAVAILABLE,NO_ORDINARY_CLOSE_WITH_NONORDINARY_TRADES,,, ---,122,False
TPEx,8921,沈氏,UNAVAILABLE,OFFICIAL_DAILY_NO_TRADE,,, ---,0,False
TPEx,8923,時報,UNAVAILABLE,NO_ORDINARY_CLOSE_WITH_NONORDINARY_TRADES,,, ---,150,False
TWSE,1589,永冠-KY,UNAVAILABLE,OFFICIAL_NONTRADABLE,,,,,False
TWSE,2323,中環,UNAVAILABLE,OFFICIAL_NONTRADABLE,,,,,False
TWSE,2601,益航,UNAVAILABLE,OFFICIAL_NONTRADABLE,,,,,False
TWSE,4755,三福化,MISMATCH,NESTED_CLOSE_NOT_OBSERVED_ROOT_CAUSE_UNRESOLVED,13:24:40,118.0000,119.00,"155,047",False
TWSE,6655,科定,UNAVAILABLE,NO_ORDINARY_CLOSE_WITH_NONORDINARY_TRADES,,,--,465,False
